Fund Name,P1,P2,P3,P4,P5,Topsis Score,Rank
M1,0.84,0.71,6.7,42.1,12.59,0.3399991783777783,6
M2,0.91,0.83,7.0,31.7,10.11,0.13956043285951977,8
M3,0.79,0.62,4.8,46.7,13.23,0.5045847543074014,4
M4,0.78,0.61,6.4,42.4,12.55,0.3670561709153606,5
M5,0.94,0.88,3.6,62.2,16.91,0.7495806728802126,1
M6,0.88,0.77,6.5,51.5,14.91,0.5628265245793516,3
M7,0.66,0.44,5.3,48.9,13.83,0.5672527843278162,2
M8,0.93,0.86,3.4,37.0,10.55,0.3255355699108402,7
