Fund Name,P1,P2,P3,P4,P5,Topsis Score,Rank
M1,0.84,0.71,6.7,42.1,12.59,0.650691790531943,2
M2,0.91,0.83,7.0,31.7,10.11,0.753999640255585,1
M3,0.79,0.62,4.8,46.7,13.23,0.47290783473090225,6
M4,0.78,0.61,6.4,42.4,12.55,0.598650794513678,4
M5,0.94,0.88,3.6,62.2,16.91,0.37156496806019274,8
M6,0.88,0.77,6.5,51.5,14.91,0.5186902245476569,5
M7,0.66,0.44,5.3,48.9,13.83,0.4007001141822976,7
M8,0.93,0.86,3.4,37.0,10.55,0.6049213808864168,3
